Workbook

Sheet 员工信息表
A1: 工号 | B1: 入职时间 | C1: 姓名 | D1: 性别 | E1: 部门名称 | F1: 岗位 | G1: 出生年月 | H1: 最高学历 | I1: 联系电话 | J1: 工资 | K1: 当前状态
A2: 21003 | B2: 43988 | C2: =VLOOKUP(A2,姓名参照表!$A$2:$B$21,2,0) -> 郝心怡 | D2: 女 | E2: 财务部 | F2: 财务专员 | G2: 34767 | H2: 本科 | I2: 18225823452 | J2: 6500 | K2: 离职 | M2: 统计表1
A3: 21001 | B3: 43988 | C3: =VLOOKUP(A3,姓名参照表!$A$2:$B$21,2,0) -> 张雨涵 | D3: 女 | E3: 财务部 | F3: 财务主管 | G3: 32757 | H3: 研究生 | I3: 18123723456 | J3: 16000 | K3: 在职 | M3: 岗位 | N3: 平均工资
A4: 21007 | B4: 43926 | C4: =VLOOKUP(A4,姓名参照表!$A$2:$B$21,2,0) -> 张在旭 | D4: 男 | E4: 人事部 | F4: 人事主管 | G4: 35309 | H4: 本科 | I4: 18178945623 | J4: 9000 | K4: 在职 | M4: 研发专员 | N4: =AVERAGEIF($F$2:$F$21,M4,$J$2:$J$21) -> 14375
A5: 21020 | B5: 43929 | C5: =VLOOKUP(A5,姓名参照表!$A$2:$B$21,2,0) -> 姚林 | D5: 女 | E5: 人事部 | F5: 人事专员 | G5: 34912 | H5: 大专 | I5: 18654342365 | J5: 5500 | K5: 在职 | M5: 市场专员 | N5: =AVERAGEIF($F$2:$F$21,M5,$J$2:$J$21) -> 5625
A6: 21019 | B6: 43929 | C6: =VLOOKUP(A6,姓名参照表!$A$2:$B$21,2,0) -> 孙英 | D6: 女 | E6: 人事部 | F6: 行政专员 | G6: 34159 | H6: 大专 | I6: 18734236543 | J6: 5500 | K6: 在职 | M6: 行政专员 | N6: =AVERAGEIF($F$2:$F$21,M6,$J$2:$J$21) -> 5500
A7: 21011 | B7: 43957 | C7: =VLOOKUP(A7,姓名参照表!$A$2:$B$21,2,0) -> 王春晓 | D7: 女 | E7: 人事部 | F7: 行政专员 | G7: 33027 | H7: 本科 | I7: 15823452312 | J7: 5500 | K7: 在职
A8: 21002 | B8: 43988 | C8: =VLOOKUP(A8,姓名参照表!$A$2:$B$21,2,0) -> 张磊 | D8: 男 | E8: 市场部 | F8: 市场专员 | G8: 35559 | H8: 大专 | I8: 15623789432 | J8: 6000 | K8: 在职 | M8: 汇总信息
A9: 21017 | B9: 43929 | C9: =VLOOKUP(A9,姓名参照表!$A$2:$B$21,2,0) -> 张平 | D9: 男 | E9: 市场部 | F9: 市场专员 | G9: 34919 | H9: 本科 | I9: 18923457687 | J9: 5000 | K9: 在职 | M9: 员工总数 | N9: =COUNT(A2:A21) -> 20
A10: 21012 | B10: 43957 | C10: =VLOOKUP(A10,姓名参照表!$A$2:$B$21,2,0) -> 钱民 | D10: 男 | E10: 市场部 | F10: 市场专员 | G10: 34425 | H10: 本科 | I10: 18123217534 | J10: 6000 | K10: 在职 | M10: 工资总额 | N10: =SUM(J2:J21) -> 221500
A11: 21006 | B11: 43924 | C11: =VLOOKUP(A11,姓名参照表!$A$2:$B$21,2,0) -> 陈万万 | D11: 女 | E11: 市场部 | F11: 市场专员 | G11: 34394 | H11: 大专 | I11: 15623457834 | J11: 5500 | K11: 离职 | M11: 平均薪资 | N11: =AVERAGE(J2:J21) -> 11075
A12: 21010 | B12: 43927 | C12: =VLOOKUP(A12,姓名参照表!$A$2:$B$21,2,0) -> 李英娜 | D12: 女 | E12: 市场部 | F12: 市场经理 | G12: 33086 | H12: 本科 | I12: 15345673423 | J12: 16000 | K12: 在职
A13: 21013 | B13: 43957 | C13: =VLOOKUP(A13,姓名参照表!$A$2:$B$21,2,0) -> 王力 | D13: 男 | E13: 研发部 | F13: 研发专员 | G13: 35827 | H13: 本科 | I13: 18923868934 | J13: 9000 | K13: 在职
A14: 21016 | B14: 43957 | C14: =VLOOKUP(A14,姓名参照表!$A$2:$B$21,2,0) -> 朱灿灿 | D14: 女 | E14: 研发部 | F14: 研发专员 | G14: 35247 | H14: 本科 | I14: 15612874378 | J14: 10000 | K14: 在职
A15: 21014 | B15: 43957 | C15: =VLOOKUP(A15,姓名参照表!$A$2:$B$21,2,0) -> 陈松 | D15: 男 | E15: 研发部 | F15: 研发专员 | G15: 34919 | H15: 大专 | I15: 18945456723 | J15: 16000 | K15: 在职
A16: 21005 | B16: 43924 | C16: =VLOOKUP(A16,姓名参照表!$A$2:$B$21,2,0) -> 高晓东 | D16: 男 | E16: 研发部 | F16: 研发专员 | G16: 34851 | H16: 本科 | I16: 18623125623 | J16: 16000 | K16: 离职
A17: 21018 | B17: 43929 | C17: =VLOOKUP(A17,姓名参照表!$A$2:$B$21,2,0) -> 扬海东 | D17: 男 | E17: 研发部 | F17: 研发专员 | G17: 34182 | H17: 本科 | I17: 18987347654 | J17: 16000 | K17: 在职
A18: 21004 | B18: 43988 | C18: =VLOOKUP(A18,姓名参照表!$A$2:$B$21,2,0) -> 金翔 | D18: 男 | E18: 研发部 | F18: 研发专员 | G18: 34121 | H18: 本科 | I18: 18627853445 | J18: 16000 | K18: 在职
A19: 21015 | B19: 43957 | C19: =VLOOKUP(A19,姓名参照表!$A$2:$B$21,2,0) -> 黄立 | D19: 男 | E19: 研发部 | F19: 研发专员 | G19: 33853 | H19: 本科 | I19: 18523879865 | J19: 16000 | K19: 离职
A20: 21009 | B20: 43927 | C20: =VLOOKUP(A20,姓名参照表!$A$2:$B$21,2,0) -> 王文辉 | D20: 男 | E20: 研发部 | F20: 研发专员 | G20: 33482 | H20: 研究生 | I20: 18756431298 | J20: 16000 | K20: 在职
A21: 21008 | B21: 43927 | C21: =VLOOKUP(A21,姓名参照表!$A$2:$B$21,2,0) -> 李新 | D21: 男 | E21: 研发部 | F21: 研发主管 | G21: 31079 | H21: 本科 | I21: 18623452323 | J21: 20000 | K21: 在职

Sheet 姓名参照表
A1: 工号 | B1: 姓名
A2: 21008 | B2: 李新
A3: 21009 | B3: 王文辉
A4: 21003 | B4: 郝心怡
A5: 21002 | B5: 张磊
A6: 21019 | B6: 孙英
A7: 21011 | B7: 王春晓
A8: 21013 | B8: 王力
A9: 21007 | B9: 张在旭
A10: 21020 | B10: 姚林
A11: 21004 | B11: 金翔
A12: 21001 | B12: 张雨涵
A13: 21010 | B13: 李英娜
... A21: 21018 | B21: 扬海东

Sheet 员工详情表
A1: 工号 | B1: 入职时间 | C1: 姓名 | D1: 性别 | E1: 部门名称 | F1: 岗位 | G1: 出生年月 | H1: 最高学历 | I1: 联系电话 | J1: 工资 | K1: 当前状态
A2: 21003 | B2: 43988 | C2: =VLOOKUP(A2,姓名参照表!$A$2:$B$21,2,0) -> 郝心怡 | D2: 女 | E2: 财务部 | F2: 财务专员 | G2: 34767 | H2: 本科 | I2: 18225823452 | J2: 6500 | K2: 离职
A3: 21001 | B3: 43988 | C3: =VLOOKUP(A3,姓名参照表!$A$2:$B$21,2,0) -> 张雨涵 | D3: 女 | E3: 财务部 | F3: 财务主管 | G3: 32757 | H3: 研究生 | I3: 18123723456 | J3: 16000 | K3: 在职
A4: 21007 | B4: 43926 | C4: =VLOOKUP(A4,姓名参照表!$A$2:$B$21,2,0) -> 张在旭 | D4: 男 | E4: 人事部 | F4: 人事主管 | G4: 35309 | H4: 本科 | I4: 18178945623 | J4: 9000 | K4: 在职
A5: 21020 | B5: 43929 | C5: =VLOOKUP(A5,姓名参照表!$A$2:$B$21,2,0) -> 姚林 | D5: 女 | E5: 人事部 | F5: 人事专员 | G5: 34912 | H5: 大专 | I5: 18654342365 | J5: 5500 | K5: 在职
A6: 21019 | B6: 43929 | C6: =VLOOKUP(A6,姓名参照表!$A$2:$B$21,2,0) -> 孙英 | D6: 女 | E6: 人事部 | F6: 行政专员 | G6: 34159 | H6: 大专 | I6: 18734236543 | J6: 5500 | K6: 在职
A7: 21011 | B7: 43957 | C7: =VLOOKUP(A7,姓名参照表!$A$2:$B$21,2,0) -> 王春晓 | D7: 女 | E7: 人事部 | F7: 行政专员 | G7: 33027 | H7: 本科 | I7: 15823452312 | J7: 5500 | K7: 在职
A8: 21002 | B8: 43988 | C8: =VLOOKUP(A8,姓名参照表!$A$2:$B$21,2,0) -> 张磊 | D8: 男 | E8: 市场部 | F8: 市场专员 | G8: 35559 | H8: 大专 | I8: 15623789432 | J8: 6000 | K8: 在职
A9: 21017 | B9: 43929 | C9: =VLOOKUP(A9,姓名参照表!$A$2:$B$21,2,0) -> 张平 | D9: 男 | E9: 市场部 | F9: 市场专员 | G9: 34919 | H9: 本科 | I9: 18923457687 | J9: 5000 | K9: 在职
A10: 21012 | B10: 43957 | C10: =VLOOKUP(A10,姓名参照表!$A$2:$B$21,2,0) -> 钱民 | D10: 男 | E10: 市场部 | F10: 市场专员 | G10: 34425 | H10: 本科 | I10: 18123217534 | J10: 6000 | K10: 在职
A11: 21006 | B11: 43924 | C11: =VLOOKUP(A11,姓名参照表!$A$2:$B$21,2,0) -> 陈万万 | D11: 女 | E11: 市场部 | F11: 市场专员 | G11: 34394 | H11: 大专 | I11: 15623457834 | J11: 5500 | K11: 离职
A12: 21010 | B12: 43927 | C12: =VLOOKUP(A12,姓名参照表!$A$2:$B$21,2,0) -> 李英娜 | D12: 女 | E12: 市场部 | F12: 市场经理 | G12: 33086 | H12: 本科 | I12: 15345673423 | J12: 16000 | K12: 在职
A13: 21013 | B13: 43957 | C13: =VLOOKUP(A13,姓名参照表!$A$2:$B$21,2,0) -> 王力 | D13: 男 | E13: 研发部 | F13: 研发专员 | G13: 35827 | H13: 本科 | I13: 18923868934 | J13: 9000 | K13: 在职
... A21: 21008 | B21: 43927 | C21: =VLOOKUP(A21,姓名参照表!$A$2:$B$21,2,0) -> 李新 | D21: 男 | E21: 研发部 | F21: 研发主管 | G21: 31079 | H21: 本科 | I21: 18623452323 | J21: 20000 | K21: 在职
