Workbook

Sheet 员工信息
A1: 某企业员工信息统计表
A2: 工号 | B2: 年龄 | C2: 部门 | D2: 学历 | E2: 基础工资（元） | F2: 绩效工资（元） | G2: 工资合计（元）
A3: A001 | B3: 59 | C3: 企划部 | D3: 博士 | E3: =VLOOKUP(D3,学历与基础工资对照表!$A$1:$B$5,2,0) -> 15000 | F3: 6000 | G3: =SUM(E3:F3) -> 21000
A4: A002 | B4: 58 | C4: 企划部 | D4: 硕士 | E4: =VLOOKUP(D4,学历与基础工资对照表!$A$1:$B$5,2,0) -> 12000 | F4: 8200 | G4: =SUM(E4:F4) -> 20200 | I4: 统计表1
A5: A003 | B5: 43 | C5: 企划部 | D5: 本科 | E5: =VLOOKUP(D5,学历与基础工资对照表!$A$1:$B$5,2,0) -> 9000 | F5: 3500 | G5: =SUM(E5:F5) -> 12500 | I5: 部门 | J5: 年龄平均值
A6: A004 | B6: 36 | C6: 企划部 | D6: 本科 | E6: =VLOOKUP(D6,学历与基础工资对照表!$A$1:$B$5,2,0) -> 9000 | F6: 7200 | G6: =SUM(E6:F6) -> 16200 | I6: 招商部 | J6: =AVERAGEIF($C$3:$C$83,I6,$B$3:$B$83) -> 44.275862
A7: A005 | B7: 40 | C7: 企划部 | D7: 硕士 | E7: =VLOOKUP(D7,学历与基础工资对照表!$A$1:$B$5,2,0) -> 12000 | F7: 4800 | G7: =SUM(E7:F7) -> 16800 | I7: 企划部 | J7: =AVERAGEIF($C$3:$C$83,I7,$B$3:$B$83) -> 48.384615
A8: A006 | B8: 40 | C8: 采购部 | D8: 本科 | E8: =VLOOKUP(D8,学历与基础工资对照表!$A$1:$B$5,2,0) -> 9000 | F8: 4900 | G8: =SUM(E8:F8) -> 13900 | I8: 采购部 | J8: =AVERAGEIF($C$3:$C$83,I8,$B$3:$B$83) -> 45.15
A9: A007 | B9: 40 | C9: 采购部 | D9: 硕士 | E9: =VLOOKUP(D9,学历与基础工资对照表!$A$1:$B$5,2,0) -> 12000 | F9: 3100 | G9: =SUM(E9:F9) -> 15100 | I9: 财务部 | J9: =AVERAGEIF($C$3:$C$83,I9,$B$3:$B$83) -> 47.833333
A10: A008 | B10: 51 | C10: 采购部 | D10: 本科 | E10: =VLOOKUP(D10,学历与基础工资对照表!$A$1:$B$5,2,0) -> 9000 | F10: 8090 | G10: =SUM(E10:F10) -> 17090
A11: A009 | B11: 45 | C11: 采购部 | D11: 本科 | E11: =VLOOKUP(D11,学历与基础工资对照表!$A$1:$B$5,2,0) -> 9000 | F11: 1800 | G11: =SUM(E11:F11) -> 10800
A12: A010 | B12: 42 | C12: 采购部 | D12: 硕士 | E12: =VLOOKUP(D12,学历与基础工资对照表!$A$1:$B$5,2,0) -> 12000 | F12: 6000 | G12: =SUM(E12:F12) -> 18000
A13: A011 | B13: 50 | C13: 采购部 | D13: 本科 | E13: =VLOOKUP(D13,学历与基础工资对照表!$A$1:$B$5,2,0) -> 9000 | F13: 4600 | G13: =SUM(E13:F13) -> 13600
A14: A012 | B14: 51 | C14: 采购部 | D14: 本科 | E14: =VLOOKUP(D14,学历与基础工资对照表!$A$1:$B$5,2,0) -> 9000 | F14: 7300 | G14: =SUM(E14:F14) -> 16300 | I14: 统计表2
A15: A013 | B15: 44 | C15: 财务部 | D15: 硕士 | E15: =VLOOKUP(D15,学历与基础工资对照表!$A$1:$B$5,2,0) -> 12000 | F15: 4300 | G15: =SUM(E15:F15) -> 16300 | I15: 工资合计范围 | J15: 部门 | K15: 人数
A16: A014 | B16: 53 | C16: 财务部 | D16: 本科 | E16: =VLOOKUP(D16,学历与基础工资对照表!$A$1:$B$5,2,0) -> 9000 | F16: 4800 | G16: =SUM(E16:F16) -> 13800 | I16: >=20000 | J16: 招商部 | K16: =COUNTIFS($G$3:$G$83,I16,$C$3:$C$83,J16) -> 1
A17: A015 | B17: 55 | C17: 财务部 | D17: 本科 | E17: =VLOOKUP(D17,学历与基础工资对照表!$A$1:$B$5,2,0) -> 9000 | F17: 9090 | G17: =SUM(E17:F17) -> 18090 | I17: >=18000 | J17: 企划部 | K17: =COUNTIFS($G$3:$G$83,I17,$C$3:$C$83,J17) -> 4
A18: A016 | B18: 55 | C18: 财务部 | D18: 硕士 | E18: =VLOOKUP(D18,学历与基础工资对照表!$A$1:$B$5,2,0) -> 12000 | F18: 7500 | G18: =SUM(E18:F18) -> 19500 | I18: >=16000 | J18: 采购部 | K18: =COUNTIFS($G$3:$G$83,I18,$C$3:$C$83,J18) -> 5
A19: A017 | B19: 28 | C19: 财务部 | D19: 本科 | E19: =VLOOKUP(D19,学历与基础工资对照表!$A$1:$B$5,2,0) -> 9000 | F19: 4600 | G19: =SUM(E19:F19) -> 13600 | I19: >=14000 | J19: 财务部 | K19: =COUNTIFS($G$3:$G$83,I19,$C$3:$C$83,J19) -> 3
A20: A018 | B20: 52 | C20: 财务部 | D20: 本科 | E20: =VLOOKUP(D20,学历与基础工资对照表!$A$1:$B$5,2,0) -> 9000 | F20: 2890 | G20: =SUM(E20:F20) -> 11890
A21: A019 | B21: 42 | C21: 招商部 | D21: 本科 | E21: =VLOOKUP(D21,学历与基础工资对照表!$A$1:$B$5,2,0) -> 9000 | F21: 3100 | G21: =SUM(E21:F21) -> 12100
A22: A020 | B22: 37 | C22: 招商部 | D22: 博士 | E22: =VLOOKUP(D22,学历与基础工资对照表!$A$1:$B$5,2,0) -> 15000 | F22: 4100 | G22: =SUM(E22:F22) -> 19100
A23: A021 | B23: 54 | C23: 招商部 | D23: 本科 | E23: =VLOOKUP(D23,学历与基础工资对照表!$A$1:$B$5,2,0) -> 9000 | F23: 3890 | G23: =SUM(E23:F23) -> 12890
A24: A022 | B24: 54 | C24: 招商部 | D24: 硕士 | E24: =VLOOKUP(D24,学历与基础工资对照表!$A$1:$B$5,2,0) -> 12000 | F24: 4800 | G24: =SUM(E24:F24) -> 16800
A25: A023 | B25: 40 | C25: 招商部 | D25: 本科 | E25: =VLOOKUP(D25,学历与基础工资对照表!$A$1:$B$5,2,0) -> 9000 | F25: 6600 | G25: =SUM(E25:F25) -> 15600
A26: A024 | B26: 37 | C26: 招商部 | D26: 博士 | E26: =VLOOKUP(D26,学历与基础工资对照表!$A$1:$B$5,2,0) -> 15000 | F26: 4600 | G26: =SUM(E26:F26) -> 19600
A27: A025 | B27: 44 | C27: 招商部 | D27: 本科 | E27: =VLOOKUP(D27,学历与基础工资对照表!$A$1:$B$5,2,0) -> 9000 | F27: 3900 | G27: =SUM(E27:F27) -> 12900
A28: A026 | B28: 42 | C28: 招商部 | D28: 硕士 | E28: =VLOOKUP(D28,学历与基础工资对照表!$A$1:$B$5,2,0) -> 12000 | F28: 6980 | G28: =SUM(E28:F28) -> 18980
A29: A027 | B29: 41 | C29: 招商部 | D29: 本科 | E29: =VLOOKUP(D29,学历与基础工资对照表!$A$1:$B$5,2,0) -> 9000 | F29: 5980 | G29: =SUM(E29:F29) -> 14980
A30: A028 | B30: 61 | C30: 采购部 | D30: 硕士 | E30: =VLOOKUP(D30,学历与基础工资对照表!$A$1:$B$5,2,0) -> 12000 | F30: 3800 | G30: =SUM(E30:F30) -> 15800
A31: A029 | B31: 37 | C31: 采购部 | D31: 本科 | E31: =VLOOKUP(D31,学历与基础工资对照表!$A$1:$B$5,2,0) -> 9000 | F31: 2100 | G31: =SUM(E31:F31) -> 11100
... A83: A081 | B83: 44 | C83: 招商部 | D83: 本科 | E83: =VLOOKUP(D83,学历与基础工资对照表!$A$1:$B$5,2,0) -> 9000 | F83: 2100 | G83: =SUM(E83:F83) -> 11100

Sheet 学历与基础工资对照表
A1: 学历 | B1: 基础工资（元）
A2: 博士 | B2: 15000
A3: 硕士 | B3: 12000
A4: 本科 | B4: 9000
A5: 大专 | B5: 7000

Sheet 销售清单
A1: 日期 | B1: 类别 | C1: 商品型号 | D1: 市场定价 | E1: 促销方式 | F1: 成交单价 | G1: 降价幅度 | H1: 数量 | I1: 销售额 | J1: 销售员
A2: 45050 | B2: 冰箱 | C2: 海尔II06 | D2: 2088 | E2: 降价 | F2: 1888 | G2: =(D2-F2)/D2 -> 0.095785441 | H2: 10 | I2: =F2*H2 -> 18880 | J2: A1 | L2: 求和项:销售额 | M2: 类别
A3: 45057 | B3: 冰箱 | C3: 西门子610 | D3: 1988 | E3: 降价 | F3: 1788 | G3: =(D3-F3)/D3 -> 0.10060362 | H3: 9 | I3: =F3*H3 -> 16092 | J3: A2 | L3: 销售员 | M3: 冰箱 | N3: 彩电 | O3: 空调 | P3: 总计
A4: 45051 | B4: 冰箱 | C4: 海尔II06 | D4: 2088 | E4: 降价 | F4: 1888 | G4: =(D4-F4)/D4 -> 0.095785441 | H4: 6 | I4: =F4*H4 -> 11328 | J4: A1 | L4: A1 | M4: 50976 | N4: 49056 | O4: 17328 | P4: 117360
A5: 45056 | B5: 冰箱 | C5: 西门子610 | D5: 1988 | E5: 降价 | F5: 1788 | G5: =(D5-F5)/D5 -> 0.10060362 | H5: 5 | I5: =F5*H5 -> 8940 | J5: A2 | L5: A2 | M5: 35760 | P5: 35760
A6: 45052 | B6: 冰箱 | C6: 海尔II06 | D6: 2088 | E6: 降价 | F6: 1888 | G6: =(D6-F6)/D6 -> 0.095785441 | H6: 4 | I6: =F6*H6 -> 7552 | J6: A1 | L6: A3 | N6: 85968 | O6: 8964 | P6: 94932
A7: 45047 | B7: 冰箱 | C7: 海尔II06 | D7: 2088 | E7: 降价 | F7: 1888 | G7: =(D7-F7)/D7 -> 0.095785441 | H7: 3 | I7: =F7*H7 -> 5664 | J7: A1 | L7: A4 | M7: 5664 | N7: 27832 | P7: 33496
A8: 45071 | B8: 冰箱 | C8: 海尔II06 | D8: 2088 | E8: 降价 | F8: 1888 | G8: =(D8-F8)/D8 -> 0.095785441 | H8: 3 | I8: =F8*H8 -> 5664 | J8: A4 | L8: A5 | N8: 179872 | P8: 179872
A9: 45053 | B9: 冰箱 | C9: 海尔II06 | D9: 2088 | E9: 降价 | F9: 1888 | G9: =(D9-F9)/D9 -> 0.095785441 | H9: 2 | I9: =F9*H9 -> 3776 | J9: A1 | L9: A6 | N9: 11928 | O9: 68724 | P9: 80652
A10: 45054 | B10: 冰箱 | C10: 海尔II06 | D10: 2088 | E10: 降价 | F10: 1888 | G10: =(D10-F10)/D10 -> 0.095785441 | H10: 2 | I10: =F10*H10 -> 3776 | J10: A1 | L10: A7 | O10: 110556 | P10: 110556
A11: 45055 | B11: 冰箱 | C11: 西门子610 | D11: 1988 | E11: 降价 | F11: 1788 | G11: =(D11-F11)/D11 -> 0.10060362 | H11: 2 | I11: =F11*H11 -> 3576 | J11: A2 | L11: A8 | O11: 101080 | P11: 101080
A12: 45058 | B12: 冰箱 | C12: 西门子610 | D12: 1988 | E12: 降价 | F12: 1788 | G12: =(D12-F12)/D12 -> 0.10060362 | H12: 2 | I12: =F12*H12 -> 3576 | J12: A2 | L12: 总计 | M12: 92400 | N12: 354656 | O12: 306652 | P12: 753708
A13: 45059 | B13: 冰箱 | C13: 西门子610 | D13: 1988 | E13: 降价 | F13: 1788 | G13: =(D13-F13)/D13 -> 0.10060362 | H13: 1 | I13: =F13*H13 -> 1788 | J13: A2
A14: 45061 | B14: 冰箱 | C14: 西门子610 | D14: 1988 | E14: 降价 | F14: 1788 | G14: =(D14-F14)/D14 -> 0.10060362 | H14: 1 | I14: =F14*H14 -> 1788 | J14: A2
A15: 45060 | B15: 冰箱 | C15: 西门子610 | D15: 1988 | E15: 降价 | F15: 1788 | G15: =(D15-F15)/D15 -> 0.10060362 | H15: 0 | I15: =F15*H15 -> 0 | J15: A2
A16: 45048 | B16: 彩电 | C16: 三星YY01 | D16: 4688 | E16: 降价 | F16: 4088 | G16: =(D16-F16)/D16 -> 0.12798635 | H16: 12 | I16: =F16*H16 -> 49056 | J16: A1
A17: 45080 | B17: 彩电 | C17: 三星YY01 | D17: 4688 | E17: 降价 | F17: 4088 | G17: =(D17-F17)/D17 -> 0.12798635 | H17: 12 | I17: =F17*H17 -> 49056 | J17: A5
A18: 45079 | B18: 彩电 | C18: 三星YY01 | D18: 4688 | E18: 降价 | F18: 4088 | G18: =(D18-F18)/D18 -> 0.12798635 | H18: 10 | I18: =F18*H18 -> 40880 | J18: A5
A19: 45066 | B19: 彩电 | C19: 三星A108 | D19: 2688 | E19: 降价 | F19: 2388 | G19: =(D19-F19)/D19 -> 0.11160714 | H19: 9 | I19: =F19*H19 -> 21492 | J19: A3
A20: 45063 | B20: 彩电 | C20: 三星A108 | D20: 2688 | E20: 降价 | F20: 2388 | G20: =(D20-F20)/D20 -> 0.11160714 | H20: 8 | I20: =F20*H20 -> 19104 | J20: A3
A21: 45065 | B21: 彩电 | C21: 三星A108 | D21: 2688 | E21: 降价 | F21: 2388 | G21: =(D21-F21)/D21 -> 0.11160714 | H21: 8 | I21: =F21*H21 -> 19104 | J21: A3
A22: 45078 | B22: 彩电 | C22: 三星YY01 | D22: 4688 | E22: 降价 | F22: 4088 | G22: =(D22-F22)/D22 -> 0.12798635 | H22: 8 | I22: =F22*H22 -> 32704 | J22: A5
A23: 45072 | B23: 彩电 | C23: 长虹GDP60 | D23: 1988 | E23: 送大礼包 | F23: 1988 | G23: =(D23-F23)/D23 -> 0 | H23: 7 | I23: =F23*H23 -> 13916 | J23: A4
A24: 45081 | B24: 彩电 | C24: 三星YY01 | D24: 4688 | E24: 降价 | F24: 4088 | G24: =(D24-F24)/D24 -> 0.12798635 | H24: 6 | I24: =F24*H24 -> 24528 | J24: A5
... A58: 45097 | B58: 空调 | C58: 海尔KTP20 | D58: 3688 | E58: 降价 | F58: 2988 | G58: =(D58-F58)/D58 -> 0.18980477 | H58: 0 | I58: =F58*H58 -> 0 | J58: A7
