Workbook

Sheet 学生体温检测
A1: 9月20日学生体温检测数据统计
A2: 序号 | B2: 姓名 | C2: 性别 | D2: 班级 | E2: 红外体温 | F2: 预警级别 | G2: 备注
A3: 1 | B3: 张方梅 | C3: 女 | D3: =VLOOKUP(B3,学生档案!$A$2:$E$36,5,0) -> 2018级本科保险学1班 | E3: 35.9 | F3: =IF(E3<36.8,"体温正常",IF(E3<37.2,"体温偏高","发烧")) -> 体温正常
A4: 2 | B4: 薛岩岩 | C4: 女 | D4: =VLOOKUP(B4,学生档案!$A$2:$E$36,5,0) -> 2018级应用英语2班 | E4: 36.4 | F4: =IF(E4<36.8,"体温正常",IF(E4<37.2,"体温偏高","发烧")) -> 体温正常
A5: 3 | B5: 余悦 | C5: 女 | D5: =VLOOKUP(B5,学生档案!$A$2:$E$36,5,0) -> 2018级本科财务管理1班 | E5: 36.9 | F5: =IF(E5<36.8,"体温正常",IF(E5<37.2,"体温偏高","发烧")) -> 体温偏高
A6: 4 | B6: 桂倩倩 | C6: 女 | D6: =VLOOKUP(B6,学生档案!$A$2:$E$36,5,0) -> 2018级本科财务管理1班 | E6: 37.1 | F6: =IF(E6<36.8,"体温正常",IF(E6<37.2,"体温偏高","发烧")) -> 体温偏高
A7: 5 | B7: 潘久虹 | C7: 女 | D7: =VLOOKUP(B7,学生档案!$A$2:$E$36,5,0) -> 2018级应用英语2班 | E7: 36.3 | F7: =IF(E7<36.8,"体温正常",IF(E7<37.2,"体温偏高","发烧")) -> 体温正常
A8: 6 | B8: 梁正 | C8: 男 | D8: =VLOOKUP(B8,学生档案!$A$2:$E$36,5,0) -> 2018级本科审计1班 | E8: 37.1 | F8: =IF(E8<36.8,"体温正常",IF(E8<37.2,"体温偏高","发烧")) -> 体温偏高
A9: 7 | B9: 施海琴 | C9: 女 | D9: =VLOOKUP(B9,学生档案!$A$2:$E$36,5,0) -> 2018级本科审计1班 | E9: 36.6 | F9: =IF(E9<36.8,"体温正常",IF(E9<37.2,"体温偏高","发烧")) -> 体温正常
A10: 8 | B10: 束梦婷 | C10: 女 | D10: =VLOOKUP(B10,学生档案!$A$2:$E$36,5,0) -> 2018级本科会计学1班 | E10: 37.8 | F10: =IF(E10<36.8,"体温正常",IF(E10<37.2,"体温偏高","发烧")) -> 发烧
A11: 9 | B11: 张全 | C11: 男 | D11: =VLOOKUP(B11,学生档案!$A$2:$E$36,5,0) -> 2018级本科会计学2班 | E11: 36.5 | F11: =IF(E11<36.8,"体温正常",IF(E11<37.2,"体温偏高","发烧")) -> 体温正常
A12: 10 | B12: 朱玉妍 | C12: 女 | D12: =VLOOKUP(B12,学生档案!$A$2:$E$36,5,0) -> 2018级应用英语2班 | E12: 35.9 | F12: =IF(E12<36.8,"体温正常",IF(E12<37.2,"体温偏高","发烧")) -> 体温正常
A13: 11 | B13: 李雪伟 | C13: 女 | D13: =VLOOKUP(B13,学生档案!$A$2:$E$36,5,0) -> 2018级应用英语2班 | E13: 36 | F13: =IF(E13<36.8,"体温正常",IF(E13<37.2,"体温偏高","发烧")) -> 体温正常
A14: 12 | B14: 王瑞 | C14: 女 | D14: =VLOOKUP(B14,学生档案!$A$2:$E$36,5,0) -> 2018级应用英语2班 | E14: 36.9 | F14: =IF(E14<36.8,"体温正常",IF(E14<37.2,"体温偏高","发烧")) -> 体温偏高
... A37: 35 | B37: 卞亭亭 | C37: 女 | D37: =VLOOKUP(B37,学生档案!$A$2:$E$36,5,0) -> 2018级本科财务管理1班 | E37: 36.1 | F37: =IF(E37<36.8,"体温正常",IF(E37<37.2,"体温偏高","发烧")) -> 体温正常
E39: 汇总统计 | F39: 体温正常人数 | G39: =COUNTIF(F3:F37,"体温正常") -> 20
F40: 体温偏高人数 | G40: =COUNTIF(F3:F37,"体温偏高") -> 8
F41: 发烧人数 | G41: =COUNTIF(F3:F37,"发烧") -> 7

Sheet 学生档案
A1: 姓名 | B1: 性别 | C1: 学号 | D1: 身份证号 | E1: 班级 | F1: 院系
A2: 李秀茹 | B2: 女 | C2: 1801120001 | D2: 130111200102265029 | E2: 2018级本科保险学1班 | F2: 国际经济学院
A3: 张方梅 | B3: 女 | C3: 1801120002 | D3: 132422199911167842 | E3: 2018级本科保险学1班 | F3: 国际经济学院
A4: 夏明星 | B4: 女 | C4: 1801120003 | D4: 132622200011304622 | E4: 2018级本科保险学1班 | F4: 国际经济学院
A5: 伍和周 | B5: 男 | C5: 1801120004 | D5: 132623199901110911 | E5: 2018级本科保险学1班 | F5: 国际经济学院
A6: 刘蝶 | B6: 女 | C6: 1801120005 | D6: 130322200106261623 | E6: 2018级本科保险学1班 | F6: 国际经济学院
A7: 程婧 | B7: 女 | C7: 1801120009 | D7: 131022200002090024 | E7: 2018级本科保险学1班 | F7: 国际经济学院
A8: 陈颖 | B8: 女 | C8: 1801130061 | D8: 130822200108246248 | E8: 2018级本科财务管理1班 | F8: 国际经济学院
A9: 余悦 | B9: 女 | C9: 1801130062 | D9: 130824200011282824 | E9: 2018级本科财务管理1班 | F9: 国际经济学院
A10: 桂倩倩 | B10: 女 | C10: 1801130064 | D10: 130824200102143048 | E10: 2018级本科财务管理1班 | F10: 国际经济学院
A11: 李俊 | B11: 男 | C11: 1801130066 | D11: 130824200201112618 | E11: 2018级本科财务管理1班 | F11: 国际经济学院
A12: 解振鑫 | B12: 男 | C12: 1801130069 | D12: 130826200105199218 | E12: 2018级本科财务管理1班 | F12: 国际经济学院
... A36: 王瑞 | B36: 女 | C36: 1805240012 | D36: 131281200107261567 | E36: 2018级应用英语2班 | F36: 西方语言学院

Sheet 体温异常
A1: 红外体温 | B1: 预警级别
A2: >=37.2
B3: 体温偏高
A5: 序号 | B5: 姓名 | C5: 性别 | D5: 班级 | E5: 红外体温 | F5: 预警级别 | G5: 学号 | H5: 身份证号
A6: 3 | B6: 余悦 | C6: 女 | D6: 2018级本科财务管理1班 | E6: 36.9 | F6: 体温偏高 | G6: =VLOOKUP(B6,学生档案!$A$2:$D$36,3,0) -> 1801130062 | H6: =VLOOKUP(B6,学生档案!$A$2:$D$36,4,0) -> 130824200011282824
A7: 4 | B7: 桂倩倩 | C7: 女 | D7: 2018级本科财务管理1班 | E7: 37.1 | F7: 体温偏高 | G7: =VLOOKUP(B7,学生档案!$A$2:$D$36,3,0) -> 1801130064 | H7: =VLOOKUP(B7,学生档案!$A$2:$D$36,4,0) -> 130824200102143048
A8: 6 | B8: 梁正 | C8: 男 | D8: 2018级本科审计1班 | E8: 37.1 | F8: 体温偏高 | G8: =VLOOKUP(B8,学生档案!$A$2:$D$36,3,0) -> 1801160011 | H8: =VLOOKUP(B8,学生档案!$A$2:$D$36,4,0) -> 130222200109290010
A9: 8 | B9: 束梦婷 | C9: 女 | D9: 2018级本科会计学1班 | E9: 37.8 | F9: 发烧 | G9: =VLOOKUP(B9,学生档案!$A$2:$D$36,3,0) -> 1801140239 | H9: =VLOOKUP(B9,学生档案!$A$2:$D$36,4,0) -> 132425200101300722
A10: 12 | B10: 王瑞 | C10: 女 | D10: 2018级应用英语2班 | E10: 36.9 | F10: 体温偏高 | G10: =VLOOKUP(B10,学生档案!$A$2:$D$36,3,0) -> 1805240012 | H10: =VLOOKUP(B10,学生档案!$A$2:$D$36,4,0) -> 131281200107261567
A11: 15 | B11: 任杰 | C11: 男 | D11: 2018级本科日语3班 | E11: 37.5 | F11: 发烧 | G11: =VLOOKUP(B11,学生档案!$A$2:$D$36,3,0) -> 1804120063 | H11: =VLOOKUP(B11,学生档案!$A$2:$D$36,4,0) -> 13242519991011481X
A12: 17 | B12: 翟雪成 | C12: 男 | D12: 2018级本科日语3班 | E12: 36.8 | F12: 体温偏高 | G12: =VLOOKUP(B12,学生档案!$A$2:$D$36,3,0) -> 1804120068 | H12: =VLOOKUP(B12,学生档案!$A$2:$D$36,4,0) -> 131223200202230116
A13: 18 | B13: 李秀茹 | C13: 女 | D13: 2018级本科保险学1班 | E13: 38.1 | F13: 发烧 | G13: =VLOOKUP(B13,学生档案!$A$2:$D$36,3,0) -> 1801120001 | H13: =VLOOKUP(B13,学生档案!$A$2:$D$36,4,0) -> 130111200102265029
A14: 21 | B14: 程婧 | C14: 女 | D14: 2018级本科保险学1班 | E14: 37.4 | F14: 发烧 | G14: =VLOOKUP(B14,学生档案!$A$2:$D$36,3,0) -> 1801120009 | H14: =VLOOKUP(B14,学生档案!$A$2:$D$36,4,0) -> 131022200002090024
A15: 24 | B15: 解振鑫 | C15: 男 | D15: 2018级本科财务管理1班 | E15: 36.8 | F15: 体温偏高 | G15: =VLOOKUP(B15,学生档案!$A$2:$D$36,3,0) -> 1801130069 | H15: =VLOOKUP(B15,学生档案!$A$2:$D$36,4,0) -> 130826200105199218
A16: 25 | B16: 刘安 | C16: 男 | D16: 2018级本科财务管理1班 | E16: 37.7 | F16: 发烧 | G16: =VLOOKUP(B16,学生档案!$A$2:$D$36,3,0) -> 1801130071 | H16: =VLOOKUP(B16,学生档案!$A$2:$D$36,4,0) -> 130827200107242714
A17: 26 | B17: 舒婷婷 | C17: 女 | D17: 2018级本科会计学1班 | E17: 38.1 | F17: 发烧 | G17: =VLOOKUP(B17,学生档案!$A$2:$D$36,3,0) -> 1801140235 | H17: =VLOOKUP(B17,学生档案!$A$2:$D$36,4,0) -> 13242520011231242X
... A20: 30 | B20: 梅思怡 | C20: 女 | D20: 2018级本科审计1班 | E20: 37.2 | F20: 发烧 | G20: =VLOOKUP(B20,学生档案!$A$2:$D$36,3,0) -> 1801160013 | H20: =VLOOKUP(B20,学生档案!$A$2:$D$36,4,0) -> 130223200103010846
